{
  "mAP50": 0.9420054717440058,
  "mAP50_95": 0.6139586188167742,
  "precision": 0.9250318701242661,
  "recall": 0.9075024306058145,
  "per_class": {
    "helmet": {
      "AP50": 0.9318728133725598,
      "AP50_95": 0.726026348292063,
      "precision": 0.9136589587030552,
      "recall": 0.9036208732694355
    },
    "head": {
      "AP50": 0.952138130115452,
      "AP50_95": 0.5018908893414853,
      "precision": 0.936404781545477,
      "recall": 0.9113839879421934
    }
  },
  "split": "test"
}